AuthorImage,Author,Title,Link,Image,Date,Tags,Contents,Price,Vote,Comment
https://steemitimages.com/u/bitcoinflood/avatar/small,bitcoinflood (76),Best NFT Game,https://steemit.com/nft/@bitcoinflood/586xt8-best-nft-game,https://steemitimages.com/640x480/https://cdn.steemitimages.com/DQmakrvAejBrMnFJUZ3So7x4P6ZuNrc4JUhRYcLaKLWrufb/1rew.jpg,12/21/2023 10:46 PM," #nft â€¢ ",Come Play This Game By Clicking Here,8.96,"18 ",No responses yet
https://steemitimages.com/u/riyanur/avatar/small,riyanur (53),NFT Art :- Flower Abstract art || 10% â¤ TFC,https://steemit.com/hive-183397/@riyanur/nft-art-flower-abstract-art-or-or-10-tfc,https://steemitimages.com/640x480/https://cdn.steemitimages.com/DQmPV9TYjzi8M6nogTb3eMJ7Vsy4BkzkaCRMEKGm3hVB4xV/hhg7yy7.jpg,12/21/2023 9:52 PM," Tron Fan Club â€¢ ",ğŸ¥° Tron Fan ClubğŸ¥° ğŸŒºHelloğŸŒº Assalamualaikum. I am Riya Nur. I came with you with a brand new nft art. Hiâ€¦,0.07,"4 ",4 responses
https://steemitimages.com/u/snft/avatar/small,snft (80),[2023-12-21] sNFT  vNFT Info,https://steemit.com/nft/@snft/snft-2023-12-21,https://steemitimages.com/640x480/https://cdn.steemitimages.com/DQmdDq1nt3fGZiamr8LizV5d3CjsQjc3pQn522iPvPMz5Vg/vnft%20list.png,12/21/2023 7:01 AM," #nft â€¢ ",1. vNFTë€? : ë§¤ì¼ 1íšŒ ì—…ë³´íŒ… ì§€ì› vNFT(Voting-NFT)ëŠ” í˜„ì¬ ì•½ 400 000 ìŠ¤íŒ€íŒŒì›Œë¥¼ ë³´ìœ í•œ @vnft ê³„ì •ìœ¼ë¡œë¶€í„° ë§¤ì¼ 1íšŒì˜ ë³´íŒ… ì§€ì›ì„ ë°›ì„ ìˆ˜ ìˆëŠ”â€¦,240.30,"47 ",5 responses
https://steemitimages.com/u/vimukthi/avatar/small,vimukthi (72),Getting Lucky With Booster Pack Opening and My NFT Sales in @risingstargame,https://steemit.com/nft/@vimukthi/getting-lucky-with-booster-pack-opening-and-my-nft-sales-in-risingstargame,https://steemitimages.com/640x480/https://i.postimg.cc/Qd7HdfbK/Buy-12-Booster-Packs.png,12/20/2023 11:56 PM," #nft â€¢ ",My participation in Seasonal Missions to earn Special Cards that are only available for a very brief period of timeâ€¦,0.12,"3 ",No responses yet
https://steemitimages.com/u/bitcoinflood/avatar/small,bitcoinflood (76),Best NFT Game,https://steemit.com/nft/@bitcoinflood/4157gv-best-nft-game,https://steemitimages.com/640x480/https://cdn.steemitimages.com/DQmakrvAejBrMnFJUZ3So7x4P6ZuNrc4JUhRYcLaKLWrufb/1rew.jpg,12/20/2023 11:09 PM," #nft â€¢ ",Come Play This Game By Clicking Here,9.48,"15 ",No responses yet
https://steemitimages.com/u/riyanur/avatar/small,riyanur (53),NFT Art :- Abstract art || 10% â¤ TFC,https://steemit.com/hive-183397/@riyanur/4tuuax-nft-art-abstract-art-or-or-10-tfc,https://steemitimages.com/640x480/https://cdn.steemitimages.com/DQmZQk9tqDbJYrJv1duF5PMhDtSsJoxZyx9Aob9NjY3jojF/jjoo.jpg,12/20/2023 9:52 PM," Tron Fan Club â€¢ ",ğŸ¥° Tron Fan ClubğŸ¥° ğŸŒºHelloğŸŒº Assalamualaikum. I am Riya Nur. I came with you with a brand new nft art. Hiâ€¦,0.07,"7 ",10 responses
https://steemitimages.com/u/antonioeviesart/avatar/small,antonioeviesart (62)L1:âœ…,Los NFT  criptoactivos sin vigencia? o un movimiento estrategico del mercado cripto.,https://steemit.com/hive-188619/@antonioeviesart/los-nft-criptoactivos-sin-vigencia-o-un-movimiento-estrategico-del-mercado-cripto,https://steemitimages.com/640x480/https://cdn.steemitimages.com/DQmTYjPupZkYCvsXztxgdap46pgyU53yGFZ9vmisPkKTgTm/non-fungible-token-6850535_960_720.jpg,12/20/2023 8:30 PM," Comunidad Lata â€¢ ",LOS NFT  FRACASO O POCO CONOCIMIENTO DE LO QUE SE DESEABA? Al hablar de tecnologÃ­a reciente  luego de laâ€¦,0.62,"36 ",5 responses
https://steemitimages.com/u/kfu456/avatar/small,kfu456 (71),naha NFT benefit,https://steemit.com/nft/@kfu456/52kzuc-naha-nft-benefit,https://steemitimages.com/640x480/https://cdn.steemitimages.com/DQmYHVt1dqsE1gZ95J3SWgqYP5QFYQZdqydVDwCwYCXjq1c/kfu456.png,12/20/2023 2:12 PM," #nft â€¢ ",,0.93,"8 ",No responses yet
https://steemitimages.com/u/naha/avatar/small,naha (78),naha NFT benefit,https://steemit.com/nft/@naha/2xmiju-naha-nft-benefit,https://steemitimages.com/640x480/https://cdn.steemitimages.com/DQmfQtNynbrnuELAuxBMMzi3xDruSAqZWkMfRs2WepRtQ9o/image.png,12/20/2023 2:12 PM," #nft â€¢ ",,1.46,"11 ",No responses yet
https://steemitimages.com/u/lllll1ll/avatar/small,lllll1ll (67),A new service for issuing and trading NFT,https://steemit.com/hive-175254/@lllll1ll/a-new-service-for-issuing-and-trading-nft,https://steemitimages.com/640x480/https://cdn.steemitimages.com/DQmXEhJJH7PuxeF85rP8oE7b8rr8feKuUbKuBzfcMju9Ffo/NFT%20gb_cr.jpg,12/20/2023 8:53 AM," Project HOPE â€¢ ",In October 2023  a service for the release of NFT started working on the GOLOS blockchain . By now  all itsâ€¦,1.89,"246 ",6 responses
https://steemitimages.com/u/snft/avatar/small,snft (80),[2023-12-20] sNFT  vNFT Info,https://steemit.com/nft/@snft/snft-2023-12-20,https://steemitimages.com/640x480/https://cdn.steemitimages.com/DQmdDq1nt3fGZiamr8LizV5d3CjsQjc3pQn522iPvPMz5Vg/vnft%20list.png,12/20/2023 7:01 AM," #nft â€¢ ",1. vNFTë€? : ë§¤ì¼ 1íšŒ ì—…ë³´íŒ… ì§€ì› vNFT(Voting-NFT)ëŠ” í˜„ì¬ ì•½ 400 000 ìŠ¤íŒ€íŒŒì›Œë¥¼ ë³´ìœ í•œ @vnft ê³„ì •ìœ¼ë¡œë¶€í„° ë§¤ì¼ 1íšŒì˜ ë³´íŒ… ì§€ì›ì„ ë°›ì„ ìˆ˜ ìˆëŠ”â€¦,239.67,"73 ",3 responses
https://steemitimages.com/u/vimukthi/avatar/small,vimukthi (72),I Have a Trade Proposal for You! + How to Reduce Time Crystal Cost by 22% - Splinter Stats Ranked Rewards Season 37 Report,https://steemit.com/splinterlands/@vimukthi/i-have-a-trade-proposal-for-you-how-to-reduce-time-crystal-cost-by-22-splinter-stats-ranked-rewards-season-37-report,https://steemitimages.com/640x480/https://i.postimg.cc/q7nTjxgx/12-Regions.png,12/20/2023 2:36 AM," #splterlands â€¢ ",If I were to select the biggest problem I have with Praetoria and Land 1.5 expansion  it would be the inability toâ€¦,0.06,"6 ",No responses yet
https://steemitimages.com/u/bitcoinflood/avatar/small,bitcoinflood (76),Get In On The Best NFT Game,https://steemit.com/nft/@bitcoinflood/3xumtj-get-in-on-the-best-nft-game,https://steemitimages.com/640x480/https://cdn.steemitimages.com/DQmakrvAejBrMnFJUZ3So7x4P6ZuNrc4JUhRYcLaKLWrufb/1rew.jpg,12/19/2023 10:14 PM," #nft â€¢ ",Come Play This Game By Clicking Here,9.48,"27 ",No responses yet
https://steemitimages.com/u/riyanur/avatar/small,riyanur (53),NFT Art :- Abstract art || 10% â¤ TFC,https://steemit.com/hive-183397/@riyanur/6kxcyb-nft-art-abstract-art-or-or-10-tfc,https://steemitimages.com/640x480/https://cdn.steemitimages.com/DQmdZDRkU15Fy7KEVtinUxX6bitKaqTtCxXTmkbEKNZddb3/gtgy.jpg,12/19/2023 8:54 PM," Tron Fan Club â€¢ ",ğŸ¥° Tron Fan ClubğŸ¥° ğŸŒºHelloğŸŒº Assalamualaikum. I am Riya Nur. I came with you with a brand new nft art. Hiâ€¦,0.07,"8 ",10 responses
https://steemitimages.com/u/dzare698/avatar/small,dzare698 (57),Nebula Women #029ğŸ’«,https://steemit.com/hive-154886/@dzare698/1736908493481980156,https://steemitimages.com/640x480/https://pbs.twimg.com/media/GBq9EMMaQAAbTCx.jpg,12/19/2023 5:37 PM," NFTÂ´DAWNÂ´STAR â€¢ ",Nebula Women #029ğŸ’« Women of Nebula are powerful women living in the vast expanses of cosmic dust in outer space.â€¦,1.89,"3 ",1 response
https://steemitimages.com/u/naha/avatar/small,naha (78),naha NFT benefit,https://steemit.com/nft/@naha/54cj3h-naha-nft-benefit,https://steemitimages.com/640x480/https://cdn.steemitimages.com/DQmfQtNynbrnuELAuxBMMzi3xDruSAqZWkMfRs2WepRtQ9o/image.png,12/19/2023 3:23 PM," #nft â€¢ ",,1.51,"11 ",No responses yet
https://steemitimages.com/u/kfu456/avatar/small,kfu456 (71),naha NFT benefit,https://steemit.com/nft/@kfu456/6z1arq-naha-nft-benefit,https://steemitimages.com/640x480/https://cdn.steemitimages.com/DQmYHVt1dqsE1gZ95J3SWgqYP5QFYQZdqydVDwCwYCXjq1c/kfu456.png,12/19/2023 3:23 PM," #nft â€¢ ",,0.99,"8 ",No responses yet
https://steemitimages.com/u/ateriks/avatar/small,ateriks (25),Ğ˜Ğ½Ñ‚ĞµÑ€ĞµÑĞ½Ñ‹Ğ¹ Ğ¾Ğ±Ñ€Ğ°Ğ·Ğ¾Ğ²Ğ°Ñ‚ĞµĞ»ÑŒĞ½Ñ‹Ğ¹ ÑĞºĞ·Ğ°Ğ¼ĞµĞ½ Ñ Ñ†ĞµĞ½Ğ½Ñ‹Ğ¼Ğ¸ Ğ¿Ñ€Ğ¸Ğ·Ğ°Ğ¼Ğ¸! /Ñ…Ğ°Ğ»ÑĞ²Ğ¾Ğ¹/,https://steemit.com/crypto/@ateriks/interesnyi-obrazovatelnyi-ekzamen-s-cennymi-prizami-khalyavoi,https://steemitimages.com/640x480/https://cdn.steemitimages.com/DQmRb9NSUT8GZ2ZQRZAstL9Co19QdD8R18DTMmyUvdB5xjZ/dsdsd.jpg,12/19/2023 2:50 PM," #crypto â€¢ ",ĞšĞ¾Ğ¿Ğ°Ğ»ÑÑ Ğ½Ğ° Ğ·Ğ°Ñ€ÑƒĞ±ĞµĞ¶Ğ½Ñ‹Ñ… Ñ„Ğ¾Ñ€ÑƒĞ¼Ğ°Ñ… Ğ¸ Ğ½Ğ°Ñ‚ĞºĞ½ÑƒĞ»ÑÑ Ğ½Ğ° Ğ¸Ğ½Ñ‚ĞµÑ€ĞµÑĞ½Ğ¾Ğµ ÑĞ¾Ğ±Ñ‹Ñ‚Ğ¸Ğµ. Ğ”Ğ°  Ğ¿Ğ¾Ñ…Ğ¾Ğ¶Ğ¸Ñ… ĞºÑ€Ğ¸Ğ¿Ñ‚Ğ¾ ÑĞ¾Ğ±Ñ‹Ñ‚Ğ¸Ğ¹ ÑĞµĞ¹Ñ‡Ğ°Ñ Ğ¿Ñ€ÑƒĞ´ Ğ¿Ñ€ÑƒĞ´Ğ¸  Ğ½Ğ¾â€¦,0.01,"4 ",1 response
https://steemitimages.com/u/snft/avatar/small,snft (80),[2023-12-19] sNFT  vNFT Info,https://steemit.com/nft/@snft/snft-2023-12-19,https://steemitimages.com/640x480/https://cdn.steemitimages.com/DQmdDq1nt3fGZiamr8LizV5d3CjsQjc3pQn522iPvPMz5Vg/vnft%20list.png,12/19/2023 7:01 AM," #nft â€¢ ",1. vNFTë€? : ë§¤ì¼ 1íšŒ ì—…ë³´íŒ… ì§€ì› vNFT(Voting-NFT)ëŠ” í˜„ì¬ ì•½ 400 000 ìŠ¤íŒ€íŒŒì›Œë¥¼ ë³´ìœ í•œ @vnft ê³„ì •ìœ¼ë¡œë¶€í„° ë§¤ì¼ 1íšŒì˜ ë³´íŒ… ì§€ì›ì„ ë°›ì„ ìˆ˜ ìˆëŠ”â€¦,239.02,"68 ",2 responses
https://steemitimages.com/u/riyanur/avatar/small,riyanur (53),NFT Art :- Abstract art || 10% â¤ TFC,https://steemit.com/hive-183397/@riyanur/s7svh-nft-art-abstract-art-or-or-10-tfc,https://steemitimages.com/640x480/https://cdn.steemitimages.com/DQmeSB6EGEYb4NgGM4DrUZ1eRJnFu7prjST1PGmbzWRCdq1/hj.jpg,12/18/2023 9:11 PM," Tron Fan Club â€¢ ",ğŸ¥° Tron Fan ClubğŸ¥° ğŸŒºHelloğŸŒº Assalamualaikum. I am Riya Nur. I came with you with a brand new nft art. Hiâ€¦,0.03,"6 ",6 responses
https://steemitimages.com/u/gfriend96/avatar/small,gfriend96 (72),One NFT ë¯¼íŒ…,https://steemit.com/krsuccess/@gfriend96/one-nft,https://steemitimages.com/640x480/https://cdn.steemitimages.com/DQmXGQ64Hawqat2L8fyZNbpnkVocoLBYRG3v96QiBbLmXbm/image.png,12/18/2023 4:59 PM," #krsuccess â€¢ ",ì–´ì œë°¤ ONT NFT ë¯¼íŒ…ì´ ìˆë‹¤ê¸¸ë˜ ì°¸ì—¬í•´ë´¤ìŠµë‹ˆë‹¤. ë­”ì§€ ìì„¸íŒ ëª¨ë¥´ê² ê³ .. ë‚¨ë“¤ì´ ë‹¤ í•˜ë‹ˆ ì €ë„ ì°¸ì—¬ë¥¼.. ã…¡0ã…¡ ê·¼ë° ë°©ì‹ì´ ì¢€ í¬ì•ˆí•œê²Œ 0.05ì†”ì”© ë³´ë‚´ì„œ í•œë¸”ëŸ­ë‹¹ í•œíŠ¸ì ì”© ì¶”ì²¨ì„ í•˜ëŠ”ê²ë‹ˆë‹¤.â€¦,2.87,"30 ",1 response
https://steemitimages.com/u/claraathena/avatar/small,claraathena (33),NFT Marketplace Development,https://steemit.com/nft/@claraathena/cavbb-nft-marketplace-development,https://steemitimages.com/640x480/https://cdn.steemitimages.com/DQmR2BQZpkJTihofCf3QPTB2TMDA768qSiRW6x8kV3iU8hL/NFT%20Marketplace%20Development%20(1).jpg,12/18/2023 2:14 PM," #nft â€¢ ",ğŸš€ Exciting News in the Tech World! ğŸŒ Dive into the Future with our cutting-edge NFT Marketplace Developmentâ€¦,0.00,1,No responses yet
https://steemitimages.com/u/dzare698/avatar/small,dzare698 (57),Unveiling the whimsical world,https://steemit.com/hive-154886/@dzare698/1736546445665378662,https://steemitimages.com/640x480/https://pbs.twimg.com/media/GBlzyRea8AArat9.jpg,12/18/2023 9:50 AM," NFTÂ´DAWNÂ´STAR â€¢ ",Unveiling the whimsical world of Folklore Belles NFT Collection ! From enchanting forests to pixelated pixies  thisâ€¦,1.95,"3 ",1 response
https://steemitimages.com/u/snft/avatar/small,snft (80),[2023-12-18] sNFT  vNFT Info,https://steemit.com/nft/@snft/snft-2023-12-18,https://steemitimages.com/640x480/https://cdn.steemitimages.com/DQmdDq1nt3fGZiamr8LizV5d3CjsQjc3pQn522iPvPMz5Vg/vnft%20list.png,12/18/2023 7:01 AM," #nft â€¢ ",1. vNFTë€? : ë§¤ì¼ 1íšŒ ì—…ë³´íŒ… ì§€ì› vNFT(Voting-NFT)ëŠ” í˜„ì¬ ì•½ 400 000 ìŠ¤íŒ€íŒŒì›Œë¥¼ ë³´ìœ í•œ @vnft ê³„ì •ìœ¼ë¡œë¶€í„° ë§¤ì¼ 1íšŒì˜ ë³´íŒ… ì§€ì›ì„ ë°›ì„ ìˆ˜ ìˆëŠ”â€¦,235.00,"72 ",2 responses
https://steemitimages.com/u/bitcoinflood/avatar/small,bitcoinflood (76),Best NFT Game,https://steemit.com/games/@bitcoinflood/4jfdvq-best-nft-game,https://steemitimages.com/640x480/https://cdn.steemitimages.com/DQmakrvAejBrMnFJUZ3So7x4P6ZuNrc4JUhRYcLaKLWrufb/1rew.jpg,12/17/2023 11:46 PM," #games â€¢ ",Come Play This Game By Clicking Here,10.05,"14 ",No responses yet
https://steemitimages.com/u/riyanur/avatar/small,riyanur (53),NFT Art :- Abstract art || 10% â¤ TFC,https://steemit.com/hive-183397/@riyanur/3fbpnr-nft-art-abstract-art-or-or-10-tfc,https://steemitimages.com/640x480/https://cdn.steemitimages.com/DQmVWTmQboAgcRzsQU7TXtHKzQXTCwDU1bJjWS2o45hiZoA/jju.jpg,12/17/2023 10:30 PM," Tron Fan Club â€¢ ",ğŸ¥° Tron Fan ClubğŸ¥° ğŸŒºHelloğŸŒº Assalamualaikum. I am Riya Nur. I came with you with a brand new nft art. Hiâ€¦,0.07,"7 ",9 responses
https://steemitimages.com/u/kfu456/avatar/small,kfu456 (71),naha NFT benefit,https://steemit.com/nft/@kfu456/5bebq4-naha-nft-benefit,https://steemitimages.com/640x480/https://cdn.steemitimages.com/DQmYHVt1dqsE1gZ95J3SWgqYP5QFYQZdqydVDwCwYCXjq1c/kfu456.png,12/17/2023 5:53 PM," #nft â€¢ ",,0.96,"8 ",No responses yet
https://steemitimages.com/u/naha/avatar/small,naha (78),naha NFT benefit,https://steemit.com/nft/@naha/y16ow-naha-nft-benefit,https://steemitimages.com/640x480/https://cdn.steemitimages.com/DQmfQtNynbrnuELAuxBMMzi3xDruSAqZWkMfRs2WepRtQ9o/image.png,12/17/2023 5:52 PM," #nft â€¢ ",,1.50,"13 ",No responses yet
https://steemitimages.com/u/careassaktart/avatar/small,careassaktart (62),Project: Midnight Apes (phase 1),https://steemit.com/nft/@careassaktart/project-midnight-apes-phase-1,https://steemitimages.com/640x480/https://files.peakd.com/file/peakd-hive/careassaktart/23tvgNRHnVNiFmRBFVu91EDcr6ak1rQ7zyvYcCPW5kke2jZP7LWE5eToxW37YekptYnhh.png,12/17/2023 5:19 PM," #nft â€¢ ",Project: Midnight Apes (Phase 1) Not Much Time Left Till Mint ! ! ! Promotion of my friend's NFT artâ€¦,0.02,"5 ",1 response
https://steemitimages.com/u/dzare698/avatar/small,dzare698 (57),ğŸŒŸ Introducing CafÃ© des LÃ©gend,https://steemit.com/hive-154886/@dzare698/1736184863219462191,https://steemitimages.com/640x480/https://pbs.twimg.com/media/GBgq7PFaMAAmg9F.jpg,12/17/2023 7:42 AM," NFTÂ´DAWNÂ´STAR â€¢ ",ğŸŒŸ Introducing CafÃ© des LÃ©gendes NFT Collection on OpenSea! â˜•ï¸ âœ¨From mythical blends to legendary baristas  thisâ€¦,1.82,"4 ",1 response
https://steemitimages.com/u/snft/avatar/small,snft (80),[2023-12-17] sNFT  vNFT Info,https://steemit.com/nft/@snft/snft-2023-12-17,https://steemitimages.com/640x480/https://cdn.steemitimages.com/DQmdDq1nt3fGZiamr8LizV5d3CjsQjc3pQn522iPvPMz5Vg/vnft%20list.png,12/17/2023 7:10 AM," #nft â€¢ ",1. vNFTë€? : ë§¤ì¼ 1íšŒ ì—…ë³´íŒ… ì§€ì› vNFT(Voting-NFT)ëŠ” í˜„ì¬ ì•½ 400 000 ìŠ¤íŒ€íŒŒì›Œë¥¼ ë³´ìœ í•œ @vnft ê³„ì •ìœ¼ë¡œë¶€í„° ë§¤ì¼ 1íšŒì˜ ë³´íŒ… ì§€ì›ì„ ë°›ì„ ìˆ˜ ìˆëŠ”â€¦,235.39,"73 ",2 responses
https://steemitimages.com/u/sagor1233/avatar/small,sagor1233 (78)MODCOMMUNITY MOD,Trending NFT On OpenSea || WEEKLY REVIEW:- 70 || Tron Fan Club,https://steemit.com/hive-183397/@sagor1233/trending-nft-on-opensea-or-or-weekly-review-70-or-or-tron-fan-club,https://steemitimages.com/640x480/https://cdn.steemitimages.com/DQmeKzKdqWXrkLJqyyScQQC9f846Pd3ikLNa5zCuXMocaTb/TRENDING.png,12/17/2023 1:32 AM," Tron Fan Club â€¢ ",Greetings  Hello dear TFC fans. How are you  NFT creators? Hope everybody is doing well. I'm fine too. Inâ€¦,13.69,"26 ",6 responses
https://steemitimages.com/u/riyanur/avatar/small,riyanur (53),NFT Art :- Abstract art || 10% â¤ TFC,https://steemit.com/hive-183397/@riyanur/7bkszn-nft-art-abstract-art-or-or-10-tfc,https://steemitimages.com/640x480/https://cdn.steemitimages.com/DQmZWnrYrwZTJU4JVG9C7qFRoFzNb82VcHC8DdkvwoxTjDb/20231216_230103.jpg,12/17/2023 12:04 AM," Tron Fan Club â€¢ ",ğŸ¥° Tron Fan ClubğŸ¥° ğŸŒºHelloğŸŒº Assalamualaikum. I am Riya Nur. I came with you with a brand new nft art. Hiâ€¦,0.07,"8 ",8 responses
https://steemitimages.com/u/d-zero/avatar/small,d-zero (68),Another 12 Packs Opened in Rising Star ğŸ’« Here's What Happened ğŸ”¬,https://steemit.com/risingstar/@d-zero/another-12-packs-opened-in-rising-star-here-s-what-happened,https://steemitimages.com/640x480/https://i.postimg.cc/qRzvZN28/The-Big-Guy.png,12/16/2023 11:11 PM," #risgstar â€¢ ",There's a new festive season going ğŸ„ I try to join these festivities when I can. There's 2 ways to join. Both need aâ€¦,0.23,"2 ",No responses yet
https://steemitimages.com/u/bitcoinflood/avatar/small,bitcoinflood (76),The Best NFT Game,https://steemit.com/nft/@bitcoinflood/3zzclx-the-best-nft-game,https://steemitimages.com/640x480/https://cdn.steemitimages.com/DQmakrvAejBrMnFJUZ3So7x4P6ZuNrc4JUhRYcLaKLWrufb/1rew.jpg,12/16/2023 10:08 PM," #nft â€¢ ",Come Play This Game By Clicking Here,9.63,"23 ",No responses yet
https://steemitimages.com/u/dzare698/avatar/small,dzare698 (57),ğŸ¨ğŸ–¼ï¸ Dive into the mesmerizin,https://steemit.com/hive-154886/@dzare698/1735820098529833342,https://steemitimages.com/640x480/https://pbs.twimg.com/media/GBbfLPqbIAAtpql.jpg,12/16/2023 7:32 AM," NFTÂ´DAWNÂ´STAR â€¢ ",ğŸ¨ğŸ–¼ï¸ Dive into the mesmerizing world of 'Mono Art' NFT collection ! Explore the power of minimalism and discoverâ€¦,1.72,"5 ",1 response
https://steemitimages.com/u/snft/avatar/small,snft (80),[2023-12-16] sNFT  vNFT Info,https://steemit.com/nft/@snft/snft-2023-12-16,https://steemitimages.com/640x480/https://cdn.steemitimages.com/DQmdDq1nt3fGZiamr8LizV5d3CjsQjc3pQn522iPvPMz5Vg/vnft%20list.png,12/16/2023 7:01 AM," #nft â€¢ ",1. vNFTë€? : ë§¤ì¼ 1íšŒ ì—…ë³´íŒ… ì§€ì› vNFT(Voting-NFT)ëŠ” í˜„ì¬ ì•½ 400 000 ìŠ¤íŒ€íŒŒì›Œë¥¼ ë³´ìœ í•œ @vnft ê³„ì •ìœ¼ë¡œë¶€í„° ë§¤ì¼ 1íšŒì˜ ë³´íŒ… ì§€ì›ì„ ë°›ì„ ìˆ˜ ìˆëŠ”â€¦,236.37,"74 ",2 responses
https://steemitimages.com/u/bitcoinflood/avatar/small,bitcoinflood (76),Get Your Hands On NFTS!,https://steemit.com/nft/@bitcoinflood/59e5ec-get-your-hands-on-nfts,https://steemitimages.com/640x480/https://cdn.steemitimages.com/DQmakrvAejBrMnFJUZ3So7x4P6ZuNrc4JUhRYcLaKLWrufb/1rew.jpg,12/15/2023 11:01 PM," #nft â€¢ ",Come Play This Game By Clicking Here,9.91,"22 ",No responses yet
https://steemitimages.com/u/riyanur/avatar/small,riyanur (53),NFT Art :- Abstract art || 10% â¤ TFC,https://steemit.com/hive-183397/@riyanur/4vcahr-nft-art-abstract-art-or-or-10-tfc,https://steemitimages.com/640x480/https://cdn.steemitimages.com/DQmTRxR1wi34MLuuBKA5FcE22LCvpv6vEBXorSb288iywZL/u.jpg,12/15/2023 9:07 PM," Tron Fan Club â€¢ ",ğŸ¥° Tron Fan ClubğŸ¥° ğŸŒºHelloğŸŒº Assalamualaikum. I am Riya Nur. I came with you with a brand new nft art. Hiâ€¦,1.68,"9 ",8 responses
https://steemitimages.com/u/kshplen/avatar/small,kshplen (45),Understanding the Role of Bank 11 in Financial Transactions,https://steemit.com/bank11/@kshplen/understanding-the-role-of-bank-11-in-financial-transactions,https://steemitimages.com/640x480/https://cdn.steemitimages.com/DQmYtkDTqz6hYAabsaGCDh61MEfKScFYgnZhBLAPXc4zRNk/bD0PVJ4y_400x400.jpg,12/15/2023 8:24 PM," #bank11 â€¢ ",In the rapidly evolving landscape of finance  the role of banks has transformed dramatically. Gone are the days whenâ€¦,0.00,1,No responses yet
https://steemitimages.com/u/dzare698/avatar/small,dzare698 (57),Introducing my latest NFT coll,https://steemit.com/hive-154886/@dzare698/1735485658213548362,https://steemitimages.com/640x480/https://pbs.twimg.com/media/GBWvAEHbYAA0h96.jpg,12/15/2023 9:23 AM," NFTÂ´DAWNÂ´STAR â€¢ ",Introducing my latest NFT collection  DarkGirls ğŸŒ‘âœ¨. Each piece is a celebration of the beauty and strength found inâ€¦,1.72,"3 ",1 response
https://steemitimages.com/u/snft/avatar/small,snft (80),[2023-12-15] sNFT  vNFT Info,https://steemit.com/nft/@snft/snft-2023-12-15,https://steemitimages.com/640x480/https://cdn.steemitimages.com/DQmdDq1nt3fGZiamr8LizV5d3CjsQjc3pQn522iPvPMz5Vg/vnft%20list.png,12/15/2023 7:01 AM," #nft â€¢ ",1. vNFTë€? : ë§¤ì¼ 1íšŒ ì—…ë³´íŒ… ì§€ì› vNFT(Voting-NFT)ëŠ” í˜„ì¬ ì•½ 400 000 ìŠ¤íŒ€íŒŒì›Œë¥¼ ë³´ìœ í•œ @vnft ê³„ì •ìœ¼ë¡œë¶€í„° ë§¤ì¼ 1íšŒì˜ ë³´íŒ… ì§€ì›ì„ ë°›ì„ ìˆ˜ ìˆëŠ”â€¦,237.29,"67 ",2 responses
https://steemitimages.com/u/bitcoinflood/avatar/small,bitcoinflood (76),Greatest NFT Game,https://steemit.com/p2o/@bitcoinflood/3hnw6s-greatest-nft-game,https://steemitimages.com/640x480/https://cdn.steemitimages.com/DQmakrvAejBrMnFJUZ3So7x4P6ZuNrc4JUhRYcLaKLWrufb/1rew.jpg,12/14/2023 11:19 PM," #p2o â€¢ ",Come Play This Game By Clicking Here,8.51,"27 ",No responses yet
https://steemitimages.com/u/vimukthi/avatar/small,vimukthi (72),SPS is Harder to Power Down Than HIVE | Lessons for HoloZing Tokenomics,https://steemit.com/holozing/@vimukthi/sps-is-harder-to-power-down-than-hive-or-lessons-for-holozing-tokenomics,https://steemitimages.com/640x480/https://i.postimg.cc/R0PPp60D/ZING-APR.png,12/14/2023 10:56 PM," #holozg â€¢ ",I have invested everything I can into cryptosphere and at the moment  majority of my portfolio consist of $HIVE andâ€¦,0.05,"3 ",No responses yet
https://steemitimages.com/u/riyanur/avatar/small,riyanur (53),NFT Art :- Abstract art || 10% â¤ TFC,https://steemit.com/hive-183397/@riyanur/4x4zwm-nft-art-abstract-art-or-or-10-tfc,https://steemitimages.com/640x480/https://cdn.steemitimages.com/DQmeeS5ZZoNYSxiRHfvEvXpow36dojkWZeiHgDW11pnjX3a/tcf6.jpg,12/14/2023 9:17 PM," Tron Fan Club â€¢ ",ğŸ¥° Tron Fan ClubğŸ¥° ğŸŒºHelloğŸŒº Assalamualaikum. I am Riya Nur. I came with you with a brand new nft art. Hiâ€¦,0.05,"9 ",9 responses
https://steemitimages.com/u/shtefcs/avatar/small,shtefcs (27),Moonly weekly progress update #69 - Karamendos WL Flow is in production,https://steemit.com/nft/@shtefcs/moonly-weekly-progress-update-69-karamendos-wl-flow-is-in-production,https://steemitimages.com/640x480/https://cdn-images-1.medium.com/max/3200/1*wWOn6u8p0Pqkl3eUazyeWQ.png,12/14/2023 8:54 PM," #nft â€¢ ",Moonly weekly progress update #69 â€” Karamendos WL Flow is in production Karamendos Wl Flow is finally inâ€¦,0.00,1,No responses yet
https://steemitimages.com/u/bitmediabuzz/avatar/small,bitmediabuzz (39),DEAPcoin is now tradeable on Tokenize Xchange with USD and SGD pairs,https://steemit.com/trading/@bitmediabuzz/deapcoin-is-now-tradeable-on-tokenize-xchange-with-usd-and-sgd-pairs,https://steemitimages.com/640x480/https://cdn.steemitimages.com/DQmTFTurQ2fpR6yRafX8KKTTCwxeEGocNfVhHsvKHgxCaer/GameFi%20Platform%20PlayMining%20Lists%20DEAPcoin%20in%20First%20DEP-USD%20&%20DEP-SGD%20Pairs%20on%20Tokenize%20Xchange.jpg,12/14/2023 10:43 AM," #tradg â€¢ ",The operator of PlayMining  Digital Entertainment Asset (DEA)  listed their token $DEP on Tokenize Xchange with USDâ€¦,0.00,"no ",No responses yet
https://steemitimages.com/u/dzare698/avatar/small,dzare698 (57),Dive into the spirit of the,https://steemit.com/hive-154886/@dzare698/1735102423629463615,https://steemitimages.com/640x480/https://pbs.twimg.com/media/GBRSc71agAAzTep.jpg,12/14/2023 8:00 AM," NFTÂ´DAWNÂ´STAR â€¢ ",Dive into the spirit of the season with my 'Halloween' NFT collection on OpenSea! ğŸ‘» Each artwork is a pixelatedâ€¦,1.43,"3 ",1 response
https://steemitimages.com/u/naha/avatar/small,naha (78),naha NFT benefit,https://steemit.com/nft/@naha/jtspn-naha-nft-benefit,https://steemitimages.com/640x480/https://cdn.steemitimages.com/DQmfQtNynbrnuELAuxBMMzi3xDruSAqZWkMfRs2WepRtQ9o/image.png,12/14/2023 7:54 AM," #nft â€¢ ",,0.07,"13 ",2 responses
https://steemitimages.com/u/kfu456/avatar/small,kfu456 (71),naha NFT benefit,https://steemit.com/nft/@kfu456/3vnt9k-naha-nft-benefit,https://steemitimages.com/640x480/https://cdn.steemitimages.com/DQmYHVt1dqsE1gZ95J3SWgqYP5QFYQZdqydVDwCwYCXjq1c/kfu456.png,12/14/2023 7:53 AM," #nft â€¢ ",,0.05,"9 ",1 response
https://steemitimages.com/u/loishamz/avatar/small,loishamz (26),Providing Users with a Secure and Efficient Way to Manage their Digital Assets,https://steemit.com/ico/@loishamz/providing-users-with-a-secure-and-efficient-way-to-manage-their-digital-assets,https://steemitimages.com/640x480/https://cdn.steemitimages.com/DQma8uCqxNRX2PhEQ6WQXytGYdCGfjyXmzXywr335CZN8iC/image.png,12/14/2023 7:25 AM," #ico â€¢ ",Introduction Cryptocurrency and blockchain technology have come a long way in a relatively short period of time.â€¦,0.00,1,No responses yet
https://steemitimages.com/u/snft/avatar/small,snft (80),[2023-12-14] sNFT  vNFT Info,https://steemit.com/nft/@snft/snft-2023-12-14,https://steemitimages.com/640x480/https://cdn.steemitimages.com/DQmdDq1nt3fGZiamr8LizV5d3CjsQjc3pQn522iPvPMz5Vg/vnft%20list.png,12/14/2023 7:01 AM," #nft â€¢ ",1. vNFTë€? : ë§¤ì¼ 1íšŒ ì—…ë³´íŒ… ì§€ì› vNFT(Voting-NFT)ëŠ” í˜„ì¬ ì•½ 400 000 ìŠ¤íŒ€íŒŒì›Œë¥¼ ë³´ìœ í•œ @vnft ê³„ì •ìœ¼ë¡œë¶€í„° ë§¤ì¼ 1íšŒì˜ ë³´íŒ… ì§€ì›ì„ ë°›ì„ ìˆ˜ ìˆëŠ”â€¦,91.92,"64 ",No responses yet
https://steemitimages.com/u/mein-senf-dazu/avatar/small,mein-senf-dazu (62),I must have a look at that - Das muss ich mir anschauen,https://steemit.com/deutsch/@mein-senf-dazu/i-must-have-a-look-at-that-das-muss-ich-mir-anschauen,https://steemitimages.com/640x480/https://images.ecency.com/DQmXZdw1bnLQFs1hJbUUpQ8y8Z5ARsyG3Quwr4RmPn2C1mv/grafik.png,12/14/2023 3:53 AM," #deutsch â€¢ ","DE (EN below) Hallo liebe Community  ich habe durch @vikisecrets Beitrag vom neuen Spiel ""Rise of the pixels""â€¦",0.05,"3 ",1 response
https://steemitimages.com/u/bitcoinflood/avatar/small,bitcoinflood (76),NFT Game,https://steemit.com/nft/@bitcoinflood/551bhp-nft-game,https://steemitimages.com/640x480/https://cdn.steemitimages.com/DQmakrvAejBrMnFJUZ3So7x4P6ZuNrc4JUhRYcLaKLWrufb/1rew.jpg,12/13/2023 10:14 PM," #nft â€¢ ",Come Play This Game By Clicking Here,7.35,"17 ",No responses yet
https://steemitimages.com/u/riyanur/avatar/small,riyanur (53),NFT Art :- Abstract art || 10% â¤ TFC,https://steemit.com/hive-183397/@riyanur/6kwj9q-nft-art-abstract-art-or-or-10-tfc,https://steemitimages.com/640x480/https://cdn.steemitimages.com/DQmQ1qHPHcPZGhPnwpFWeZz7YsU6n52PUUQupGFVK4mXEXZ/vygt.jpg,12/13/2023 9:34 PM," Tron Fan Club â€¢ ",ğŸ¥° Tron Fan ClubğŸ¥° ğŸŒºHelloğŸŒº Assalamualaikum. I am Riya Nur. I came with you with a brand new nft art. Hiâ€¦,0.04,"5 ",5 responses
https://steemitimages.com/u/kfu456/avatar/small,kfu456 (71),naha NFT benefit,https://steemit.com/nft/@kfu456/4xwm5n-naha-nft-benefit,https://steemitimages.com/640x480/https://cdn.steemitimages.com/DQmYHVt1dqsE1gZ95J3SWgqYP5QFYQZdqydVDwCwYCXjq1c/kfu456.png,12/13/2023 10:18 AM," #nft â€¢ ",,0.05,"9 ",1 response
https://steemitimages.com/u/naha/avatar/small,naha (78),naha NFT benefit,https://steemit.com/nft/@naha/45df56-naha-nft-benefit,https://steemitimages.com/640x480/https://cdn.steemitimages.com/DQmfQtNynbrnuELAuxBMMzi3xDruSAqZWkMfRs2WepRtQ9o/image.png,12/13/2023 10:18 AM," #nft â€¢ ",,0.08,"12 ",1 response
https://steemitimages.com/u/dzare698/avatar/small,dzare698 (57),ğŸƒ Embrace the spooktacular vi,https://steemit.com/hive-154886/@dzare698/1734764965683433894,https://steemitimages.com/640x480/https://pbs.twimg.com/media/GBMfiZCacAApZrZ.jpg,12/13/2023 9:39 AM," NFTÂ´DAWNÂ´STAR â€¢ ",ğŸƒ Embrace the spooktacular vibes with my 'Halloween' NFT collection on OpenSea! ğŸŒ™ğŸ‘» Each piece is a digital treatâ€¦,1.43,"3 ",1 response
https://steemitimages.com/u/snft/avatar/small,snft (80),[2023-12-13] sNFT  vNFT Info,https://steemit.com/nft/@snft/snft-2023-12-13,https://steemitimages.com/640x480/https://cdn.steemitimages.com/DQmdDq1nt3fGZiamr8LizV5d3CjsQjc3pQn522iPvPMz5Vg/vnft%20list.png,12/13/2023 7:01 AM," #nft â€¢ ",1. vNFTë€? : ë§¤ì¼ 1íšŒ ì—…ë³´íŒ… ì§€ì› vNFT(Voting-NFT)ëŠ” í˜„ì¬ ì•½ 400 000 ìŠ¤íŒ€íŒŒì›Œë¥¼ ë³´ìœ í•œ @vnft ê³„ì •ìœ¼ë¡œë¶€í„° ë§¤ì¼ 1íšŒì˜ ë³´íŒ… ì§€ì›ì„ ë°›ì„ ìˆ˜ ìˆëŠ”â€¦,90.25,"74 ",2 responses
https://steemitimages.com/u/darwin-1/avatar/small,darwin-1 (28),NFT Alcohol as a New Investment Tool,https://steemit.com/nft/@darwin-1/nft-alcohol-as-a-new-investment-tool,https://steemitimages.com/640x480/https://cdn.steemitimages.com/DQmXkXTTipJ5B4KA5dNPAfPD6htsLCoteE9SHhvfgkBj64L/10_ENG.jpg,12/13/2023 1:42 AM," #nft â€¢ ",With the development of digital technologies and increasing interest in blockchain  the cryptocurrency market isâ€¦,0.00,1,No responses yet
https://steemitimages.com/u/vimukthi/avatar/small,vimukthi (72),An Arduous Journey Through Genesis League Goals Gameplay,https://steemit.com/game/@vimukthi/an-arduous-journey-through-genesis-league-goals-gameplay,https://steemitimages.com/640x480/https://i.postimg.cc/mgwMsTpV/Compete-in-Game.png,12/13/2023 1:35 AM," #game â€¢ ",I have invested my time  energy and $55 into Genesis League Sports platform. I have 29 393.648 GLX staked and that isâ€¦,0.07,"3 ",No responses yet
https://steemitimages.com/u/bitcoinflood/avatar/small,bitcoinflood (76),Building An Empire In This Crypto Game,https://steemit.com/p2e/@bitcoinflood/building-an-empire-in-this-crypto-game,https://steemitimages.com/640x480/https://cdn.steemitimages.com/DQmakrvAejBrMnFJUZ3So7x4P6ZuNrc4JUhRYcLaKLWrufb/1rew.jpg,12/12/2023 11:16 PM," #p2e â€¢ ",Come Play This Game By Clicking Here,8.57,"22 ",No responses yet
https://steemitimages.com/u/riyanur/avatar/small,riyanur (53),NFT Art :- Abstract art || 10% â¤ TFC,https://steemit.com/hive-183397/@riyanur/3ddghx-nft-art-abstract-art-or-or-10-tfc,https://steemitimages.com/640x480/https://cdn.steemitimages.com/DQmZfa8os236H49qHh7HiGZAKAmAUYteJC7759RAtRNVwm8/o.jpg,12/12/2023 9:48 PM," Tron Fan Club â€¢ ",ğŸ¥° Tron Fan ClubğŸ¥° ğŸŒºHelloğŸŒº Assalamualaikum. I am Riya Nur. I came with you with a brand new nft art. Hiâ€¦,0.04,"6 ",11 responses
https://steemitimages.com/u/fivdou/avatar/small,fivdou (52),"#mferc",https://steemit.com/hive-163341/@fivdou/1734557678767087829,https://steemitimages.com/640x480/https://pbs.twimg.com/media/GBJhyz-XkAAFroK.png,12/12/2023 7:56 PM," wormhole3 â€¢ ","#mferc é”™è¿‡ #brc20 #nft é’è›™å¤§é¹…ã€‚ã€‚ã€‚è¿™æ¬¡æˆ‘å†²äº†ï¼Œè¿˜å‰©1800ä¸ªordidogesï¼Œä¼°è®¡ä¸ä¹…å°±èƒ½mintå®Œäº†ã€‚ æˆ‘mint äº†20å¤šä¸ªç‹—å­ï¼Œå…¶ä¸­ 2åªé‡‘ğŸ¶ï¼Œæˆæœ¬éƒ½è¦45u äº†æ¥ä¸‹æ¥æœ‰ä»€ä¹ˆæ´»åŠ¨å—ï¼Ÿ @ordi_doges",0.00,"12 ",No responses yet
https://steemitimages.com/u/investornft/avatar/small,investornft (33),Ai Monkey NFT Announcement! ğŸš€,https://steemit.com/bitcoin/@investornft/ai-monkey-nft-announcement,https://steemitimages.com/640x480/https://cdn.steemitimages.com/DQmRcmJB6Ka1choWrPfQAhNzM9zAjHFRj6afMhcty8e5zfg/OIG%20(14).jpg,12/12/2023 7:44 PM," #bitco â€¢ ",Ai Monkey NFT Announcement! ğŸš€ The latest update to the Ai Monkey NFT documentation is now available! ğŸ“„âœ¨ Discoverâ€¦,0.00,"no ",No responses yet
https://steemitimages.com/u/iostcn/avatar/small,iostcn (46),"#IOSTIANS ä»Šå¤©åœ¨æ—¥æœ¬ä¸œäº¬ #IOST x @OKC",https://steemit.com/hive-313917/@iostcn/1734482100647330250,https://steemitimages.com/640x480/https://pbs.twimg.com/media/GBIeQfubYAA7rXi.jpg,12/12/2023 2:55 PM," #hive-313917 â€¢ ","#IOSTIANS ä»Šå¤©åœ¨æ—¥æœ¬ä¸œäº¬ #IOST x @OKCoinJapan 2023 å¹´ä¼šçš„ä¸€é“äº®ä¸½é£æ™¯ @hopstep2020 ğŸ¥° è¯è¯´ï¼Œè¿˜æœ‰äººæ²¡æœ‰ #IOST #NFT ç³»åˆ—é™é‡æ¬¾Tæ¤ä¹ˆğŸ‘‘ğŸ§",0.04,1,1 response
https://steemitimages.com/u/dzare698/avatar/small,dzare698 (57),âœ¨ Unveiling 'Folklore Belles',https://steemit.com/hive-154886/@dzare698/1734409502919897563,https://steemitimages.com/640x480/https://pbs.twimg.com/media/GBHcPiQakAAvFES.jpg,12/12/2023 10:07 AM," NFTÂ´DAWNÂ´STAR â€¢ ",âœ¨ Unveiling 'Folklore Belles' on OpenSea  where enchantment meets artistry! ğŸ§šâ€â™€ï¸âœ¨ Dive into a realm of mythicalâ€¦,1.42,"3 ",1 response
https://steemitimages.com/u/snft/avatar/small,snft (80),[2023-12-12] sNFT  vNFT Info,https://steemit.com/nft/@snft/snft-2023-12-12,https://steemitimages.com/640x480/https://cdn.steemitimages.com/DQmdDq1nt3fGZiamr8LizV5d3CjsQjc3pQn522iPvPMz5Vg/vnft%20list.png,12/12/2023 7:01 AM," #nft â€¢ ",1. vNFTë€? : ë§¤ì¼ 1íšŒ ì—…ë³´íŒ… ì§€ì› vNFT(Voting-NFT)ëŠ” í˜„ì¬ ì•½ 400 000 ìŠ¤íŒ€íŒŒì›Œë¥¼ ë³´ìœ í•œ @vnft ê³„ì •ìœ¼ë¡œë¶€í„° ë§¤ì¼ 1íšŒì˜ ë³´íŒ… ì§€ì›ì„ ë°›ì„ ìˆ˜ ìˆëŠ”â€¦,88.80,"73 ",2 responses
https://steemitimages.com/u/deaduser/avatar/small,deaduser (52),ê¿ˆê³¼ í˜„ì‹¤ì´ ë§Œë‚˜ëŠ” NFT ê·¸ë¦¼,https://steemit.com/nft/@deaduser/6qsiij-nft,https://steemitimages.com/640x480/https://cdn.steemitimages.com/DQmRjoBn8e81BtwMrU4CsTTGVHxtSDtZtAtvAWTpwwtoxa4/A_steampunk_cityscape_built_on_the_back_of_a_giant_turt.png,12/12/2023 3:33 AM," #nft â€¢ ",ê³ ëŒ€ ì‹ í™”ì™€ í˜„ëŒ€ ê¸°ìˆ ì´ ì–½í˜€ ìˆëŠ” ì„¸ê³„ë¥¼ ìƒìƒí•´ë³´ì„¸ìš”. í™˜ìƒì ì¸ ìƒëª…ì²´ë“¤ì´ ë””ì§€í„¸ ì‹œëŒ€ì™€ í•¨ê»˜ ì¶¤ì¶”ê³   ëª¨ë“  í”½ì…€ë§ˆë‹¤ ì•Œë ¤ì§€ì§€ ì•Šì€ ì´ì•¼ê¸°ì˜ ì„¸ê³„ê°€ í¼ì³ì§‘ë‹ˆë‹¤. ì´ê²ƒì€ ìƒìƒë ¥ì„ ì‚¬ë¡œì¡ê³  ëì—†ëŠ” ê°€ëŠ¥ì„±ì„â€¦,0.03,1,1 response
https://steemitimages.com/u/bitcoinflood/avatar/small,bitcoinflood (76),Top NFT Game,https://steemit.com/nft/@bitcoinflood/6ssox8-top-nft-game,https://steemitimages.com/640x480/https://cdn.steemitimages.com/DQmakrvAejBrMnFJUZ3So7x4P6ZuNrc4JUhRYcLaKLWrufb/1rew.jpg,12/12/2023 12:44 AM," #nft â€¢ ",Come Play This Game By Clicking Here,7.21,"25 ",No responses yet
https://steemitimages.com/u/d-zero/avatar/small,d-zero (68),Land Harvest ğŸšœ NFTs Bought ğŸ›ï¸ DEC Tokenomics ğŸ’± Splinter Stats Ranked Rewards Season 36 Report Card,https://steemit.com/splinterlands/@d-zero/land-harvest-nfts-bought-dec-tokenomics-splinter-stats-ranked-rewards-season-36-report-card,https://steemitimages.com/640x480/https://i.postimg.cc/X7WB0rhn/Claim.png,12/11/2023 10:42 PM," #splterlands â€¢ ",It's such a good time to be in Splinterlands again! We've had everything better than crypto markets lately. We'reâ€¦,0.27,"2 ",No responses yet
https://steemitimages.com/u/riyanur/avatar/small,riyanur (53),NFT Art :- Flower art || 10% â¤ TFC,https://steemit.com/hive-183397/@riyanur/nft-art-flower-art-or-or-10-tfc,https://steemitimages.com/640x480/https://cdn.steemitimages.com/DQmbwpGuUBS6kr7k5KkjuQgR4KcRaea7UaeUMXuLA9hF16j/Screenshot_20231117-222851_Painter.jpg,12/11/2023 9:32 PM," Tron Fan Club â€¢ ",ğŸ¥° Tron Fan ClubğŸ¥° ğŸŒºHelloğŸŒº Assalamualaikum. I am Riya Nur. I came with you with a brand new nft art. Hiâ€¦,1.29,"7 ",7 responses
https://steemitimages.com/u/rubenmartins727/avatar/small,rubenmartins727 (27),Epik Prime blockchain technology,https://steemit.com/epikprime/@rubenmartins727/epik-prime-blockchain-technology,https://steemitimages.com/640x480/https://cdn.steemitimages.com/DQmTGRftGVtTgNRvpmaoj5Mg5ShMpGsCZk1pbQk8p8uifFv/epik.jpeg,12/11/2023 7:35 PM," #epikprime â€¢ ",1.Blockchain and NFT Integration: Use of Blockchain: Epik Prime uses blockchain technology to create  manage  andâ€¦,0.00,"3 ",No responses yet
https://steemitimages.com/u/rubenmartins727/avatar/small,rubenmartins727 (27),Epik prime Development Team,https://steemit.com/epikprime/@rubenmartins727/epik-prime-development-team,https://steemitimages.com/640x480/https://cdn.steemitimages.com/DQmTGRftGVtTgNRvpmaoj5Mg5ShMpGsCZk1pbQk8p8uifFv/epik.jpeg,12/11/2023 7:28 PM," #epikprime â€¢ ",Leadership: The project is led by individuals with a mix of expertise in gaming  technology  and blockchain.â€¦,0.00,"2 ",No responses yet
https://steemitimages.com/u/rubenmartins727/avatar/small,rubenmartins727 (27),Epik Prime,https://steemit.com/crypto/@rubenmartins727/epik-prime-a-thread,https://steemitimages.com/640x480/https://cdn.steemitimages.com/DQmTGRftGVtTgNRvpmaoj5Mg5ShMpGsCZk1pbQk8p8uifFv/epik.jpeg,12/11/2023 6:55 PM," #crypto â€¢ ",Project Fundamentals: Epik Prime is a blockchain-based project that primarily focuses on integrating the world ofâ€¦,0.00,"6 ",1 response
https://steemitimages.com/u/thalassac/avatar/small,thalassac (25),Dá»± Ã¡n Mint Blockchain cÃ³ váº» nhÆ° Ä‘ang táº­p trung vÃ o viá»‡c xÃ¢y dá»±ng má»™t máº¡ng blockchain L2 (Layer 2) chuyÃªn dÃ nh cho NFT (Non-Fungible Tokens).,https://steemit.com/nft/@thalassac/du-an-mint-blockchain-co-ve-nhu-dang-tap-trung-vao-viec-xay-dung-mot-mang-blockchain-l2-layer-2-chuyen-danh-cho-nft-non-fungible,https://steemitimages.com/640x480/https://cdn.steemitimages.com/DQmZzhEG9G8WhpRzLgeA8vfsPSHNT1XY4AkUiGLfkBR1jVp/image.png,12/11/2023 5:46 PM," #nft â€¢ ",NFTScan Labs vÃ  Kinh nghiá»‡m trong khÃ´ng gian NFT:NFTScan Labs Ä‘Æ°á»£c mÃ´ táº£ lÃ  má»™t trong nhá»¯ng nhÃ³m phÃ¡t triá»ƒn cÆ¡ sá»Ÿ háº¡â€¦,0.00,1,No responses yet
https://steemitimages.com/u/lupafilotaxia/avatar/small,lupafilotaxia (74),Do you think the cryptocurrency market has reached peak euphoria?,https://steemit.com/hive-175254/@lupafilotaxia/do-you-think-the-cryptocurrency-market-has-reached-peak-euphoria,"https://steemitimages.com/640x480/https://images.cointelegraph.com/cdn-cgi/image/format=auto,onerror=redirect,quality=90,width=717/https://s3.cointelegraph.com/uploads/2023-12/5429f6b8-f3f0-45af-bdcf-ca196ab9cc67.jpg",12/11/2023 10:13 AM," Project HOPE â€¢ ",Greetings dear colleagues  today I want to share with you all an interesting analysis I found on Cointelegraph byâ€¦,3.94,"203 ",No responses yet
https://steemitimages.com/u/dzare698/avatar/small,dzare698 (57),â˜• Introducing 'CafÃ© des LÃ©gend,https://steemit.com/hive-154886/@dzare698/1734010569441902916,https://steemitimages.com/640x480/https://pbs.twimg.com/media/GBBxau9bEAAP8de.jpg,12/11/2023 7:42 AM," NFTÂ´DAWNÂ´STAR â€¢ ",â˜• Introducing 'CafÃ© des LÃ©gendes' NFT Collection on OpenSea! ğŸ¨âœ¨ Dive into a world where legends brew in every cup.â€¦,1.43,"3 ",1 response
https://steemitimages.com/u/snft/avatar/small,snft (80),[2023-12-11] sNFT  vNFT Info,https://steemit.com/nft/@snft/snft-2023-12-11,https://steemitimages.com/640x480/https://cdn.steemitimages.com/DQmdDq1nt3fGZiamr8LizV5d3CjsQjc3pQn522iPvPMz5Vg/vnft%20list.png,12/11/2023 7:01 AM," #nft â€¢ ",1. vNFTë€? : ë§¤ì¼ 1íšŒ ì—…ë³´íŒ… ì§€ì› vNFT(Voting-NFT)ëŠ” í˜„ì¬ ì•½ 400 000 ìŠ¤íŒ€íŒŒì›Œë¥¼ ë³´ìœ í•œ @vnft ê³„ì •ìœ¼ë¡œë¶€í„° ë§¤ì¼ 1íšŒì˜ ë³´íŒ… ì§€ì›ì„ ë°›ì„ ìˆ˜ ìˆëŠ”â€¦,90.94,"68 ",No responses yet
https://steemitimages.com/u/riyanur/avatar/small,riyanur (53),NFT Art :- Abstract art || 10% â¤ TFC,https://steemit.com/hive-183397/@riyanur/61tava-nft-art-abstract-art-or-or-10-tfc,https://steemitimages.com/640x480/https://cdn.steemitimages.com/DQmWoyEVWVQgHTGSAhumeYLfVRr5e2JiiSiWTRjR2oUFw33/766.jpg,12/10/2023 10:00 PM," Tron Fan Club â€¢ ",ğŸ¥° Tron Fan ClubğŸ¥° ğŸŒºHelloğŸŒº Assalamualaikum. I am Riya Nur. I came with you with a brand new nft art. Hiâ€¦,0.04,"5 ",7 responses
https://steemitimages.com/u/bitcoinflood/avatar/small,bitcoinflood (76),Best NFT Game,https://steemit.com/nft/@bitcoinflood/2ha8vi-best-nft-game,https://steemitimages.com/640x480/https://cdn.steemitimages.com/DQmakrvAejBrMnFJUZ3So7x4P6ZuNrc4JUhRYcLaKLWrufb/1rew.jpg,12/10/2023 8:22 PM," #nft â€¢ ",Come Play This Game By Clicking Here,7.56,"9 ",No responses yet
https://steemitimages.com/u/dzare698/avatar/small,dzare698 (57),This was created according to,https://steemit.com/hive-154886/@dzare698/1733650241096933394,https://steemitimages.com/640x480/https://pbs.twimg.com/media/GA8psrqbkAAYwrX.jpg,12/10/2023 7:50 AM," NFTÂ´DAWNÂ´STAR â€¢ ",This was created according to my prompt with AI. This is a creation of improvisation between a human and an AIâ€¦,1.44,"3 ",1 response
https://steemitimages.com/u/snft/avatar/small,snft (80),[2023-12-10] sNFT  vNFT Info,https://steemit.com/nft/@snft/snft-2023-12-10,https://steemitimages.com/640x480/https://cdn.steemitimages.com/DQmdDq1nt3fGZiamr8LizV5d3CjsQjc3pQn522iPvPMz5Vg/vnft%20list.png,12/10/2023 7:01 AM," #nft â€¢ ",1. vNFTë€? : ë§¤ì¼ 1íšŒ ì—…ë³´íŒ… ì§€ì› vNFT(Voting-NFT)ëŠ” í˜„ì¬ ì•½ 400 000 ìŠ¤íŒ€íŒŒì›Œë¥¼ ë³´ìœ í•œ @vnft ê³„ì •ìœ¼ë¡œë¶€í„° ë§¤ì¼ 1íšŒì˜ ë³´íŒ… ì§€ì›ì„ ë°›ì„ ìˆ˜ ìˆëŠ”â€¦,90.40,"70 ",2 responses
https://steemitimages.com/u/sagor1233/avatar/small,sagor1233 (78)MODCOMMUNITY MOD,Trending NFT On OpenSea || WEEKLY REVIEW:- 69 || Tron Fan Club,https://steemit.com/hive-183397/@sagor1233/trending-nft-on-opensea-or-or-weekly-review-69-or-or-tron-fan-club,https://steemitimages.com/640x480/https://cdn.steemitimages.com/DQmeKzKdqWXrkLJqyyScQQC9f846Pd3ikLNa5zCuXMocaTb/TRENDING.png,12/10/2023 12:30 AM," Tron Fan Club â€¢ ",Greetings  Hello dear TFC fans. How are you  NFT creators? Hope everybody is doing well. I'm fine too. Inâ€¦,28.52,"29 ",5 responses
https://steemitimages.com/u/alokroy647/avatar/small,alokroy647 (60),Plant | NFT Art,https://steemit.com/hive-183397/@alokroy647/plant-or-nft-art,https://steemitimages.com/640x480/https://cdn.steemitimages.com/DQmW1x9ip3vay9MK9CcvCKC7BNykM2EMgYf1goyS3MX82am/Untitled-1.png,12/10/2023 12:13 AM," Tron Fan Club â€¢ ",Greetings Everyone About Shelf gardening is a creative and space-efficient approach to cultivating plants inâ€¦,3.01,"4 ",4 responses
https://steemitimages.com/u/bitcoinflood/avatar/small,bitcoinflood (76),Build A Crypto Empire With This NFT Game,https://steemit.com/nft/@bitcoinflood/build-a-crypto-empire-with-this-nft-game,https://steemitimages.com/640x480/https://cdn.steemitimages.com/DQmakrvAejBrMnFJUZ3So7x4P6ZuNrc4JUhRYcLaKLWrufb/1rew.jpg,12/9/2023 11:04 PM," #nft â€¢ ",Come Play This Game By Clicking Here,7.82,"23 ",No responses yet
https://steemitimages.com/u/riyanur/avatar/small,riyanur (53),NFT Art :- Abstract art || 10% â¤ TFC,https://steemit.com/hive-183397/@riyanur/67nm8j-nft-art-abstract-art-or-or-10-tfc,https://steemitimages.com/640x480/https://cdn.steemitimages.com/DQmTgyVX3oQ1pyVZMhV95o9dTwZmfRSs1tv7bR4ayCKTR3G/g66g%20(1).jpg,12/9/2023 9:41 PM," Tron Fan Club â€¢ ",ğŸ¥° Tron Fan ClubğŸ¥° ğŸŒºHelloğŸŒº Assalamualaikum. I am Riya Nur. I came with you with a brand new nft art. Hiâ€¦,2.93,"5 ",7 responses
https://steemitimages.com/u/shabab7/avatar/small,shabab7 (61),Review of Meebits NFT. || 10% to @tron-fan-club ||,https://steemit.com/hive-183397/@shabab7/review-of-meebits-nft-or-or-10-to-tron-fan-club-or-or,https://steemitimages.com/640x480/https://cdn.steemitimages.com/DQmXY4Zanob34ebP3rGZEYoFc5J7vUowZV4a8U1cQygA7HZ/Screenshot_2023-12-09-13-54-54-873-edit_com.android.chrome.jpg,12/9/2023 4:12 PM," Tron Fan Club â€¢ ",Hello My dear Tron Fan Club Members. I am @shabab7. Hope you all are doing well. I am also well by the blessing ofâ€¦,2.97,"2 ",2 responses
https://steemitimages.com/u/andy26/avatar/small,andy26 (28),Top 5 cryptocurrency to invest in December 2023,https://steemit.com/crypto/@andy26/top-5-cryptocurrency-to-invest-in-december-2023,https://steemitimages.com/640x480/https://cdn.steemitimages.com/DQmazfzy7QctCM1ajconxi8ET64aj1QnXY5BeR548jj8DKh/pexels-jonathan-borba-14891535.jpg,12/9/2023 2:15 PM," #crypto â€¢ ",Bitcoin (BTC) Market cap: $823.9 billion Ethereum (ETH) Market cap: $266.3 billion Binance Coin (BNB)â€¦,0.00,1,No responses yet
https://steemitimages.com/u/dzare698/avatar/small,dzare698 (57),Exciting news!,https://steemit.com/hive-154886/@dzare698/1733285107161825444,https://steemitimages.com/640x480/https://pbs.twimg.com/media/GA3dnVEbAAA2Paf.jpg,12/9/2023 7:39 AM," NFTÂ´DAWNÂ´STAR â€¢ ",Exciting news! Explore my diverse NFTcollections on OpenSea  a fusion of creativity and innovation. From mythicalâ€¦,1.43,"3 ",1 response
https://steemitimages.com/u/snft/avatar/small,snft (80),[2023-12-09] sNFT  vNFT Info,https://steemit.com/nft/@snft/snft-2023-12-09,https://steemitimages.com/640x480/https://cdn.steemitimages.com/DQmdDq1nt3fGZiamr8LizV5d3CjsQjc3pQn522iPvPMz5Vg/vnft%20list.png,12/9/2023 7:01 AM," #nft â€¢ ",1. vNFTë€? : ë§¤ì¼ 1íšŒ ì—…ë³´íŒ… ì§€ì› vNFT(Voting-NFT)ëŠ” í˜„ì¬ ì•½ 400 000 ìŠ¤íŒ€íŒŒì›Œë¥¼ ë³´ìœ í•œ @vnft ê³„ì •ìœ¼ë¡œë¶€í„° ë§¤ì¼ 1íšŒì˜ ë³´íŒ… ì§€ì›ì„ ë°›ì„ ìˆ˜ ìˆëŠ”â€¦,88.11,"70 ",2 responses
https://steemitimages.com/u/alokroy647/avatar/small,alokroy647 (60),Controller | NFT Art,https://steemit.com/hive-183397/@alokroy647/controller-or-nft-art,https://steemitimages.com/640x480/https://cdn.steemitimages.com/DQmP3yysaG9fmxx35UUsDWJSYhTvFARtGMT1vDe7bEpYs42/7%20(3).png,12/9/2023 1:46 AM," Tron Fan Club â€¢ ",Greetings Everyone About This art features one of the best things about someoneâ€™s life. We all grew up playingâ€¦,0.03,"2 ",4 responses
https://steemitimages.com/u/bitcoinflood/avatar/small,bitcoinflood (76),Start Claiming Crypto and NFTS In This Game,https://steemit.com/nft/@bitcoinflood/start-claiming-crypto-and-nfts-in-this-game,https://steemitimages.com/640x480/https://cdn.steemitimages.com/DQmakrvAejBrMnFJUZ3So7x4P6ZuNrc4JUhRYcLaKLWrufb/1rew.jpg,12/9/2023 12:24 AM," #nft â€¢ ",Come Play This Game By Clicking Here,7.72,"24 ",No responses yet
https://steemitimages.com/u/riyanur/avatar/small,riyanur (53),NFT Art :- Abstract art || 10% â¤ TFC,https://steemit.com/hive-183397/@riyanur/37zqkt-nft-art-abstract-art-or-or-10-tfc,https://steemitimages.com/640x480/https://cdn.steemitimages.com/DQmdbVxZZ4xYNCFXXo6HmnKk8znNBFkwz5RBEfqJNEACCah/Riya.jpg,12/8/2023 10:21 PM," Tron Fan Club â€¢ ",ğŸ¥° Tron Fan ClubğŸ¥° ğŸŒºHelloğŸŒº Assalamualaikum. I am Riya Nur. I came with you with a brand new nft art. Hiâ€¦,1.31,"9 ",6 responses
https://steemitimages.com/u/oliviia/avatar/small,oliviia (37),The Future of Steem Crypto: Navigating the Blockchain Horizon,https://steemit.com/steem/@oliviia/the-future-of-steem-crypto-navigating-the-blockchain-horizon,https://steemitimages.com/640x480/https://cdn.steemitimages.com/DQmd8g1z5nkU2JYH9sYjPUNBFCwD9K1odTcP1Tum75SzpmW/justin-suns-steem-locks-user-funds.jpg,12/8/2023 3:21 PM," #steem â€¢ ",In the dynamic realm of cryptocurrencies  Steem stands as a unique and intriguing player. Born out of the vision toâ€¦,0.00,1,No responses yet
https://steemitimages.com/u/dzare698/avatar/small,dzare698 (57),â˜•ï¸ Immerse yourself in the enc,https://steemit.com/hive-154886/@dzare698/1732965297160941631,https://steemitimages.com/640x480/https://pbs.twimg.com/media/GAy6v4xbYAASZyb.jpg,12/8/2023 10:28 AM," NFTÂ´DAWNÂ´STAR â€¢ ",â˜•ï¸ Immerse yourself in the enchanting world of CafÃ© des LÃ©gendes NFT Collection! ğŸŒŸâ˜•ï¸ From mythical creatures toâ€¦,1.42,"3 ",1 response
https://steemitimages.com/u/naha/avatar/small,naha (78),naha NFT benefit,https://steemit.com/nft/@naha/5yro6z-naha-nft-benefit,https://steemitimages.com/640x480/https://cdn.steemitimages.com/DQmfQtNynbrnuELAuxBMMzi3xDruSAqZWkMfRs2WepRtQ9o/image.png,12/8/2023 8:58 AM," #nft â€¢ ",,1.07,"11 ",No responses yet
https://steemitimages.com/u/kfu456/avatar/small,kfu456 (71),naha NFT benefit,https://steemit.com/nft/@kfu456/mthjy-naha-nft-benefit,https://steemitimages.com/640x480/https://cdn.steemitimages.com/DQmYHVt1dqsE1gZ95J3SWgqYP5QFYQZdqydVDwCwYCXjq1c/kfu456.png,12/8/2023 8:58 AM," #nft â€¢ ",,0.05,"9 ",1 response
https://steemitimages.com/u/snft/avatar/small,snft (80),[2023-12-08] sNFT  vNFT Info,https://steemit.com/nft/@snft/snft-2023-12-08,https://steemitimages.com/640x480/https://cdn.steemitimages.com/DQmdDq1nt3fGZiamr8LizV5d3CjsQjc3pQn522iPvPMz5Vg/vnft%20list.png,12/8/2023 7:02 AM," #nft â€¢ ",1. vNFTë€? : ë§¤ì¼ 1íšŒ ì—…ë³´íŒ… ì§€ì› vNFT(Voting-NFT)ëŠ” í˜„ì¬ ì•½ 400 000 ìŠ¤íŒ€íŒŒì›Œë¥¼ ë³´ìœ í•œ @vnft ê³„ì •ìœ¼ë¡œë¶€í„° ë§¤ì¼ 1íšŒì˜ ë³´íŒ… ì§€ì›ì„ ë°›ì„ ìˆ˜ ìˆëŠ”â€¦,87.31,"68 ",2 responses
https://steemitimages.com/u/cryptobluster/avatar/small,cryptobluster (25),DYSTOPI - New generation NFT GAME AIRDROP,https://steemit.com/nft/@cryptobluster/dystopi-new-generation-nft-game-airdrop,https://steemitimages.com/640x480/https://talkimg.com/images/2023/12/07/N0wWg.png,12/8/2023 2:56 AM," #nft â€¢ ",ABout DYSTOPI : DYSTOPI is skill-based MMORPG powerd by Binance Smart Chain. You can Gear up your hero with NFTs andâ€¦,0.00,1,No responses yet
https://steemitimages.com/u/bitcoinflood/avatar/small,bitcoinflood (76),Powerful NFT Game with LIVE land,https://steemit.com/nft/@bitcoinflood/powerful-nft-game-with-live-land,https://steemitimages.com/640x480/https://cdn.steemitimages.com/DQmakrvAejBrMnFJUZ3So7x4P6ZuNrc4JUhRYcLaKLWrufb/1rew.jpg,12/7/2023 10:49 PM," #nft â€¢ ",Come Play This Game By Clicking Here,8.07,"23 ",No responses yet
https://steemitimages.com/u/riyanur/avatar/small,riyanur (53),NFT Art :- Butterfly Abstract art || 10% â¤ TFC,https://steemit.com/hive-183397/@riyanur/nft-art-butterfly-abstract-art-or-or-10-tfc,https://steemitimages.com/640x480/https://cdn.steemitimages.com/DQmQ3h7vaGeU8btdjQQLGtEkn5McFwBtqXa8CUR8gUjqMDy/djdci.jpg,12/7/2023 9:43 PM," Tron Fan Club â€¢ ",ğŸ¥° Tron Fan ClubğŸ¥° ğŸŒºHelloğŸŒº Assalamualaikum. I am Riya Nur. I came with you with a brand new nft art. Hiâ€¦,2.79,"3 ",5 responses
https://steemitimages.com/u/dzare698/avatar/small,dzare698 (57),ğŸŒ¿ Immerse yourself in the enc,https://steemit.com/hive-154886/@dzare698/1732562773048242530,https://steemitimages.com/640x480/https://pbs.twimg.com/media/GAtMp7ra0AAvdw7.jpg,12/7/2023 7:49 AM," NFTÂ´DAWNÂ´STAR â€¢ ",ğŸŒ¿ Immerse yourself in the enchanting tales of Folklore Belles NFT Collection! From mystical landscapes to etherealâ€¦,1.41,"3 ",1 response
https://steemitimages.com/u/kfu456/avatar/small,kfu456 (71),naha NFT benefit,https://steemit.com/nft/@kfu456/5hlz7s-naha-nft-benefit,https://steemitimages.com/640x480/https://cdn.steemitimages.com/DQmYHVt1dqsE1gZ95J3SWgqYP5QFYQZdqydVDwCwYCXjq1c/kfu456.png,12/7/2023 7:45 AM," #nft â€¢ ",,0.05,"9 ",1 response
https://steemitimages.com/u/naha/avatar/small,naha (78),naha NFT benefit,https://steemit.com/nft/@naha/3c9psq-naha-nft-benefit,https://steemitimages.com/640x480/https://cdn.steemitimages.com/DQmfQtNynbrnuELAuxBMMzi3xDruSAqZWkMfRs2WepRtQ9o/image.png,12/7/2023 7:44 AM," #nft â€¢ ",,1.12,"11 ",No responses yet
https://steemitimages.com/u/snft/avatar/small,snft (80),[2023-12-07] sNFT  vNFT Info,https://steemit.com/nft/@snft/snft-2023-12-07,https://steemitimages.com/640x480/https://cdn.steemitimages.com/DQmdDq1nt3fGZiamr8LizV5d3CjsQjc3pQn522iPvPMz5Vg/vnft%20list.png,12/7/2023 7:01 AM," #nft â€¢ ",1. vNFTë€? : ë§¤ì¼ 1íšŒ ì—…ë³´íŒ… ì§€ì› vNFT(Voting-NFT)ëŠ” í˜„ì¬ ì•½ 400 000 ìŠ¤íŒ€íŒŒì›Œë¥¼ ë³´ìœ í•œ @vnft ê³„ì •ìœ¼ë¡œë¶€í„° ë§¤ì¼ 1íšŒì˜ ë³´íŒ… ì§€ì›ì„ ë°›ì„ ìˆ˜ ìˆëŠ”â€¦,85.74,"81 ",2 responses
https://steemitimages.com/u/darkcrypto-it/avatar/small,darkcrypto-it (35),Dekaron G: un MMORPG che ti premia per giocare,https://steemit.com/dekarong/@darkcrypto-it/dekaron-g-un-mmorpg-che-ti-premia-per-giocare,https://steemitimages.com/640x480/https://cdn.steemitimages.com/DQmZafpXS8tvyoJXZW3Bzfs82DAQZhS5PhE8zB4gyYvGTxs/dekaron%20g.png,12/6/2023 10:24 PM," #dekarong â€¢ ",Dekaron G Ã¨ la versione globale di Dekaron M   che a sua volta Ã¨ il remake mobile di Dekaron   un popolareâ€¦,0.00,1,No responses yet
https://steemitimages.com/u/bitcoinflood/avatar/small,bitcoinflood (76),Greatest NFT Game,https://steemit.com/nft/@bitcoinflood/25us61-greatest-nft-game,https://steemitimages.com/640x480/https://cdn.steemitimages.com/DQmakrvAejBrMnFJUZ3So7x4P6ZuNrc4JUhRYcLaKLWrufb/1rew.jpg,12/6/2023 10:08 PM," #nft â€¢ ",Come Play This Game By Clicking Here,8.21,"14 ",No responses yet
https://steemitimages.com/u/razzor/avatar/small,razzor (62),about NFTs,https://steemit.com/hive-175254/@razzor/about-nfts,https://steemitimages.com/640x480/https://cdn.steemitimages.com/DQmZmcS8kX1WB85QdtxgYGWgLC3PVyAcvsR7mx5tdos4GB8/non-fungible-token-6850539_1280.jpg,12/6/2023 9:44 PM," Project HOPE â€¢ ","what is NFT NFT itself comes from two keywords  namely ""Non-fungible"" which is a combination of ""Fungibility""â€¦",2.85,"286 ",No responses yet
https://steemitimages.com/u/riyanur/avatar/small,riyanur (53),NFT Art :- Abstract art || 10% â¤ TFC,https://steemit.com/hive-183397/@riyanur/6j17js-nft-art-abstract-art-or-or-10-tfc,https://steemitimages.com/640x480/https://cdn.steemitimages.com/DQmVHuyPKfF6T4mdSo7fcimJQyZPftEEQjoTVdZ3kAVfW57/j%20(5).jpg,12/6/2023 9:39 PM," Tron Fan Club â€¢ ",ğŸ¥° Tron Fan ClubğŸ¥° ğŸŒºHelloğŸŒº Assalamualaikum. I am Riya Nur. I came with you with a brand new nft art. Hiâ€¦,0.01,"3 ",6 responses
https://steemitimages.com/u/dzare698/avatar/small,dzare698 (57),Feel the speed with VelocityVi,https://steemit.com/hive-154886/@dzare698/1732237771337851045,https://steemitimages.com/640x480/https://pbs.twimg.com/media/GAolETNa8AAbM-2.jpg,12/6/2023 10:17 AM," NFTÂ´DAWNÂ´STAR â€¢ ",Feel the speed with VelocityVixensNFT ! Calling on the NFT community to rev up the support â€“ let the Velocity Vixensâ€¦,1.44,"4 ",1 response
https://steemitimages.com/u/snft/avatar/small,snft (80),[2023-12-06] sNFT  vNFT Info,https://steemit.com/nft/@snft/snft-2023-12-06,https://steemitimages.com/640x480/https://cdn.steemitimages.com/DQmdDq1nt3fGZiamr8LizV5d3CjsQjc3pQn522iPvPMz5Vg/vnft%20list.png,12/6/2023 8:00 AM," #nft â€¢ ",1. vNFTë€? : ë§¤ì¼ 1íšŒ ì—…ë³´íŒ… ì§€ì› vNFT(Voting-NFT)ëŠ” í˜„ì¬ ì•½ 400 000 ìŠ¤íŒ€íŒŒì›Œë¥¼ ë³´ìœ í•œ @vnft ê³„ì •ìœ¼ë¡œë¶€í„° ë§¤ì¼ 1íšŒì˜ ë³´íŒ… ì§€ì›ì„ ë°›ì„ ìˆ˜ ìˆëŠ”â€¦,87.57,"68 ",No responses yet
https://steemitimages.com/u/bitcoinflood/avatar/small,bitcoinflood (76),Governance Token Up 115% This Week!,https://steemit.com/nft/@bitcoinflood/governance-token-up-115-this-week,https://steemitimages.com/640x480/https://cdn.steemitimages.com/DQmakrvAejBrMnFJUZ3So7x4P6ZuNrc4JUhRYcLaKLWrufb/1rew.jpg,12/6/2023 12:09 AM," #nft â€¢ ",Come Play This Game By Clicking Here,8.11,"22 ",No responses yet
https://steemitimages.com/u/ace001/avatar/small,ace001 (25),CRYPTO MOOD DAILY [5.12.23],https://steemit.com/crypto/@ace001/crypto-mood-daily-5-12-23,https://steemitimages.com/640x480/https://cdn.steemitimages.com/DQmYv1SWYyuMX4eHsqa29Buk6szX7FsU5vKDURjVHRNzFw3/Untitled%20(2).png,12/6/2023 12:05 AM," #crypto â€¢ ",Hello decentralized readers Welcome to Crypto Mood Daily with Ace001 Hope you guys doing well today was a toughâ€¦,0.00,1,No responses yet
https://steemitimages.com/u/riyanur/avatar/small,riyanur (53),NFT Art :- Different Abstract art || 10% â¤ TFC,https://steemit.com/hive-183397/@riyanur/nft-art-different-abstract-art-or-or-10-tfc,https://steemitimages.com/640x480/https://cdn.steemitimages.com/DQmcERBr4smNkdsYmPfKibh3bJCGUobCCUy5Z6svrf6Z2MP/6hh6%20(2).jpg,12/5/2023 11:40 PM," Tron Fan Club â€¢ ",ğŸ¥° Tron Fan ClubğŸ¥° ğŸŒºHelloğŸŒº Assalamualaikum. I am Riya Nur. I came with you with a brand new nft art. Hiâ€¦,1.35,"6 ",7 responses
https://steemitimages.com/u/p1988/avatar/small,p1988 (32),Turn AI generated images into awesome NFT asset completly free.,https://steemit.com/hive-196037/@p1988/pl9fn28kei0,https://steemitimages.com/640x480/https://i.ytimg.com/vi/8Xxb_T8hJyE/hqdefault.jpg,12/5/2023 10:03 PM," DTube â€¢ ",In this video we're diving into the world of NFTs and unveiling the ultimate upgrade for BlueWillow fans - Limewire AIâ€¦,0.00,"3 ",No responses yet
https://steemitimages.com/u/oguzvic/avatar/small,oguzvic (63),The Grapes NFT collection: A Review,https://steemit.com/hive-183397/@oguzvic/the-grapes-nft-collection-a-review,https://steemitimages.com/640x480/https://cdn.steemitimages.com/DQmVCYKCGKoZRzhXVbSMYjQKvJuTbnCvtuhXeC6VbZxG47V/Screenshot_20231205-023525~2.jpg,12/5/2023 12:11 PM," Tron Fan Club â€¢ ",Source I will be reviewing the grapes NFT collection. The grapes are a collection of 3 333 hand-crafted NFTs. Theyâ€¦,1.31,"2 ",4 responses
https://steemitimages.com/u/bitmediabuzz/avatar/small,bitmediabuzz (39),World Blockchain Summit Bangkok set to happen this Dec 13-14,https://steemit.com/blockchain/@bitmediabuzz/world-blockchain-summit-bangkok-set-to-happen-this-dec-13-14,https://steemitimages.com/640x480/https://cdn.steemitimages.com/DQmSw7yLmU8th7teMWYwVusgAxVFvX4dR91sVF3G3mAwR7n/Countdown%20to%20the%20World%20Blockchain%20Summit%20Bangkok%20Begins!.jpg,12/5/2023 10:21 AM," #blockcha â€¢ ",The World Blockchain Summit's 28th edition is set to happen in Bangkok this December 13-14. Are you ready for theâ€¦,0.00,"no ",No responses yet
https://steemitimages.com/u/dzare698/avatar/small,dzare698 (57),Exciting news,https://steemit.com/hive-154886/@dzare698/1731836469507924427,https://steemitimages.com/640x480/https://pbs.twimg.com/media/GAi4FWmbkAAJvzr.jpg,12/5/2023 7:43 AM," NFTÂ´DAWNÂ´STAR â€¢ ",Exciting news  art lovers! My NFT collections are now live on OpenSea! ğŸ¨âœ¨ Dive into a world of creativity andâ€¦,1.52,"3 ",1 response
https://steemitimages.com/u/snft/avatar/small,snft (80),[2023-12-05] sNFT  vNFT Info,https://steemit.com/nft/@snft/snft-2023-12-05,https://steemitimages.com/640x480/https://cdn.steemitimages.com/DQmdDq1nt3fGZiamr8LizV5d3CjsQjc3pQn522iPvPMz5Vg/vnft%20list.png,12/5/2023 7:01 AM," #nft â€¢ ",1. vNFTë€? : ë§¤ì¼ 1íšŒ ì—…ë³´íŒ… ì§€ì› vNFT(Voting-NFT)ëŠ” í˜„ì¬ ì•½ 400 000 ìŠ¤íŒ€íŒŒì›Œë¥¼ ë³´ìœ í•œ @vnft ê³„ì •ìœ¼ë¡œë¶€í„° ë§¤ì¼ 1íšŒì˜ ë³´íŒ… ì§€ì›ì„ ë°›ì„ ìˆ˜ ìˆëŠ”â€¦,94.27,"57 ",2 responses
https://steemitimages.com/u/bitcoinflood/avatar/small,bitcoinflood (76),Nft Game,https://steemit.com/nfts/@bitcoinflood/mpdqq-nft-game,https://steemitimages.com/640x480/https://cdn.steemitimages.com/DQmakrvAejBrMnFJUZ3So7x4P6ZuNrc4JUhRYcLaKLWrufb/1rew.jpg,12/5/2023 1:15 AM," #nfts â€¢ ",Come Play This Game By Clicking Here,8.33,"27 ",No responses yet
https://steemitimages.com/u/alokroy647/avatar/small,alokroy647 (60),Art of Owlnix | NFT Art,https://steemit.com/hive-183397/@alokroy647/art-of-owlnix-or-nft,https://steemitimages.com/640x480/https://cdn.steemitimages.com/DQmWU6nieAtF9AEk14NnzibJusBNn1aRvGcMVct3oBimewf/6%20(4).png,12/5/2023 1:14 AM," Tron Fan Club â€¢ ",Greetings Everyone About: This art features a fusion between an owl and phoenix  the body is of an owl and theâ€¦,0.00,1,5 responses
https://steemitimages.com/u/shabab7/avatar/small,shabab7 (61),Review of The Grapes NFT. || 10% to @tron-fan-club ||,https://steemit.com/hive-183397/@shabab7/review-of-the-grapes-nft-or-or-10-to-tron-fan-club-or-or,https://steemitimages.com/640x480/https://cdn.steemitimages.com/DQmX4r8esFzBt1gxU1mJ2zmyANup4PSR5WNYZHzowUcGCQU/IMG_20231204_182109.jpg,12/5/2023 1:00 AM," Tron Fan Club â€¢ ",Hello My dear Tron Fan Club Members. I am @shabab7. Hope you all are doing well. I am also well by the blessing ofâ€¦,2.92,"3 ",2 responses
https://steemitimages.com/u/riyanur/avatar/small,riyanur (53),NFT Art :- Telling Hi Panda art || 10% â¤ TFC,https://steemit.com/hive-183397/@riyanur/nft-art-telling-hi-panda-art-or-or-10-tfc,https://steemitimages.com/640x480/https://cdn.steemitimages.com/DQmUR83wmuP1kdBpe3znzKKwjXKNP3H1n1V7n9Wo4F3yd1b/ugg%20(1).jpg,12/4/2023 10:23 PM," Tron Fan Club â€¢ ",ğŸ¥° Tron Fan ClubğŸ¥° ğŸŒºHelloğŸŒº Assalamualaikum. I am Riya Nur. I came with you with a brand new nft art. Hiâ€¦,1.27,"7 ",8 responses
